Workbook

Sheet predictions_xgb_test
A1: Entry | B1: Organism (ID) | C1: target | D1: proba | E1: pred
A2: A0A5K7RLP0 | B2: 10090 | C2: 1 | D2: 0.9462955 | E2: 1
A3: A2A4P0 | B3: 10090 | C3: 1 | D3: 0.95225275 | E3: 1
A4: A2A9F4 | B4: 10090 | C4: 0 | D4: 0.66923773 | E4: 1
A5: A2AC93 | B5: 10090 | C5: 0 | D5: 0.6676983 | E5: 1
A6: A2AIP0 | B6: 10090 | C6: 0 | D6: 0.7927202 | E6: 1
A7: A2AIW0 | B7: 10090 | C7: 0 | D7: 0.6281908 | E7: 1
A8: A2AJB7 | B8: 10090 | C8: 0 | D8: 0.1537489 | E8: 0
A9: A2AKQ0 | B9: 10090 | C9: 0 | D9: 0.0063556186 | E9: 0
A10: A2ALS5 | B10: 10090 | C10: 0 | D10: 0.3644677 | E10: 0
A11: A2APB8 | B11: 10090 | C11: 1 | D11: 0.9294492 | E11: 1
A12: A2APC3 | B12: 10090 | C12: 0 | D12: 0.20584996 | E12: 0
A13: A2AQ07 | B13: 10090 | C13: 0 | D13: 0.21191475 | E13: 0
... A5541: O89100 | B5541: 10090 | C5541: 1 | D5541: 0.26261467 | E5541: 0
A5542: P00397 | B5542: 10090 | C5542: 0 | D5542: 371.31533 | E5542: 0
A5543: P00520 | B5543: 10090 | C5543: 1 | D5543: 0.84588134 | E5543: 1
A5544: P00687 | B5544: 10090 | C5544: 0 | D5544: 0.023508735 | E5544: 0
A5545: P00796 | B5545: 10090 | C5545: 0 | D5545: 0.057122357 | E5545: 0
A5546: P01108 | B5546: 10090 | C5546: 1 | D5546: 0.9328332 | E5546: 1
A5547: P01572 | B5547: 10090 | C5547: 0 | D5547: 0.17895034 | E5547: 0
A5548: P01590 | B5548: 10090 | C5548: 0 | D5548: 0.57486045 | E5548: 1
A5549: P01592 | B5549: 10090 | C5549: 0 | D5549: 0.2544734 | E5549: 0
A5550: P01731 | B5550: 10090 | C5550: 0 | D5550: 0.06704647 | E5550: 0
A5551: P01898 | B5551: 10090 | C5551: 0 | D5551: 0.02932798 | E5551: 0
A5552: P01910 | B5552: 10090 | C5552: 0 | D5552: 0.10348566 | E5552: 0
A5553: P01921 | B5553: 10090 | C5553: 0 | D5553: 0.078481264 | E5553: 0
A5554: P02535 | B5554: 10090 | C5554: 0 | D5554: 0.068222985 | E5554: 0
A5555: P03911 | B5555: 10090 | C5555: 0 | D5555: 37.50653 | E5555: 0
A5556: P03995 | B5556: 10090 | C5556: 0 | D5556: 0.20978677 | E5556: 0
A5557: P04095 | B5557: 10090 | C5557: 0 | D5557: 0.17153773 | E5557: 0
A5558: P04235 | B5558: 10090 | C5558: 0 | D5558: 0.075642064 | E5558: 0
A5559: P04351 | B5559: 10090 | C5559: 0 | D5559: 0.23555455 | E5559: 0
A5560: P04426 | B5560: 10090 | C5560: 0 | D5560: 0.10421953 | E5560: 0
A5561: P04756 | B5561: 10090 | C5561: 0 | D5561: 0.013408912 | E5561: 0
A5562: P04919 | B5562: 10090 | C5562: 0 | D5562: 0.010109551 | E5562: 0
A5563: P05201 | B5563: 10090 | C5563: 0 | D5563: 0.07379925 | E5563: 0
A5564: P06795 | B5564: 10090 | C5564: 0 | D5564: 0.008938026 | E5564: 0
A5565: P06797 | B5565: 10090 | C5565: 0 | D5565: 0.26184648 | E5565: 0
A5566: P06803 | B5566: 10090 | C5566: 1 | D5566: 0.763604 | E5566: 1
A5567: P06909 | B5567: 10090 | C5567: 0 | D5567: 0.0062689693 | E5567: 0
... A7316: O89106 | B7316: 10090 | C7316: 1 | D7316: 0.8365145 | E7316: 1
A7317: P00158 | B7317: 10090 | C7317: 0 | D7317: 270.04096 | E7317: 0
A7318: P00342 | B7318: 10090 | C7318: 0 | D7318: 0.014522341 | E7318: 0
A7319: P00536 | B7319: 10090 | C7319: 0 | D7319: 0.39047018 | E7319: 0
A7320: P00688 | B7320: 10090 | C7320: 0 | D7320: 0.04588173 | E7320: 0
A7321: P01132 | B7321: 10090 | C7321: 0 | D7321: 0.14222313 | E7321: 0
A7322: P01580 | B7322: 10090 | C7322: 0 | D7322: 0.1934083 | E7322: 0
A7323: P01586 | B7323: 10090 | C7323: 0 | D7323: 0.33425176 | E7323: 0
A7324: P01831 | B7324: 10090 | C7324: 0 | D7324: 0.016886225 | E7324: 0
A7325: P01867 | B7325: 10090 | C7325: 0 | D7325: 0.0138990125 | E7325: 0
A7326: P01869 | B7326: 10090 | C7326: 0 | D7326: 0.043881375 | E7326: 0
A7327: P01901 | B7327: 10090 | C7327: 0 | D7327: 0.17583106 | E7327: 0
A7328: P02831 | B7328: 10090 | C7328: 1 | D7328: 0.9948972 | E7328: 1
A7329: P03893 | B7329: 10090 | C7329: 0 | D7329: 0.00020376027 | E7329: 0
... A8936: A0A1D8PJ72 | B8936: 237561 | C8936: 1 | D8936: 0.6052879 | E8936: 1
A8937: A0A1D8PNR5 | B8937: 237561 | C8937: 0 | D8937: 832.34576 | E8937: 0
A8938: A0A1D8PT03 | B8938: 237561 | C8938: 0 | D8938: 0.16944967 | E8938: 0
A8939: A0A1D8PTL7 | B8939: 237561 | C8939: 0 | D8939: 0.13338703 | E8939: 0
A8940: A0A1L8G2K9 | B8940: 8355 | C8940: 1 | D8940: 0.9418433 | E8940: 1
A8941: A0A1L8GVF0 | B8941: 8355 | C8941: 1 | D8941: 0.72557014 | E8941: 1
A8942: A0A1L8HU22 | B8942: 8355 | C8942: 1 | D8942: 0.85646546 | E8942: 1
A8943: A0A3Q7HJG4 | B8943: 4081 | C8943: 0 | D8943: 0.0020764326 | E8943: 0
A8944: A0A644F649 | B8944: 184922 | C8944: 0 | D8944: 0.50291884 | E8944: 1
A8945: A0A6I8TCE0 | B8945: 7159 | C8945: 0 | D8945: 0.046678804 | E8945: 0
A8946: A0A8M2 | B8946: 8355 | C8946: 0 | D8946: 0.4408764 | E8946: 0
A8947: A1A5K2 | B8947: 8355 | C8947: 0 | D8947: 0.42036918 | E8947: 0
A8948: A1L3G9 | B8948: 8355 | C8948: 1 | D8948: 0.1194114 | E8948: 0
A8949: A2QAN3 | B8949: 425011 | C8949: 0 | D8949: 0.0019351284 | E8949: 0
... A11003: Q5AK66 | B11003: 237561 | C11003: 0 | D11003: 0.34965205 | E11003: 0
A11004: Q5AKZ2 | B11004: 237561 | C11004: 0 | D11004: 89.79272 | E11004: 0
A11005: Q5ANI6 | B11005: 237561 | C11005: 1 | D11005: 0.94752014 | E11005: 1
A11006: Q5APC8 | B11006: 237561 | C11006: 1 | D11006: 0.935727 | E11006: 1
A11007: Q5BL50 | B11007: 8364 | C11007: 0 | D11007: 0.5176136 | E11007: 1
A11008: Q5BP74 | B11008: 8355 | C11008: 1 | D11008: 0.7557655 | E11008: 1
A11009: Q5D7H7 | B11009: 9519 | C11009: 1 | D11009: 0.8449443 | E11009: 1
A11010: Q5HZT0 | B11010: 8355 | C11010: 1 | D11010: 0.51583886 | E11010: 1
A11011: Q5M7L6 | B11011: 8364 | C11011: 0 | D11011: 0.47696427 | E11011: 1
A11012: Q5M8U1 | B11012: 8364 | C11012: 0 | D11012: 0.00179535 | E11012: 0
A11013: Q5XHA0 | B11013: 8364 | C11013: 0 | D11013: 0.026358983 | E11013: 0
A11014: Q5XTS1 | B11014: 9986 | C11014: 0 | D11014: 0.74249864 | E11014: 1
A11015: Q60492 | B11015: 10141 | C11015: 1 | D11015: 0.5760359 | E11015: 1
A11016: Q64392 | B11016: 10141 | C11016: 0 | D11016: 0.06106799 | E11016: 0
... A11916: Q63880 | B11916: 10090 | C11916: 0 | D11916: 0.0834521 | E11916: 0
A11917: Q64389 | B11917: 10090 | C11917: 0 | D11917: 436.58074 | E11917: 0
A11918: Q66JS6 | B11918: 10090 | C11918: 0 | D11918: 0.21916395 | E11918: 0
A11919: Q68FF9 | B11919: 10090 | C11919: 0 | D11919: 0.1358758 | E11919: 0
A11920: Q6A058 | B11920: 10090 | C11920: 0 | D11920: 0.21907294 | E11920: 0
A11921: Q6GQT5 | B11921: 10090 | C11921: 0 | D11921: 0.12663974 | E11921: 0
A11922: Q6GQV0 | B11922: 10090 | C11922: 0 | D11922: 0.38630646 | E11922: 0
A11923: Q6IE32 | B11923: 10090 | C11923: 0 | D11923: 0.0025906086 | E11923: 0
A11924: Q6IMB1 | B11924: 10090 | C11924: 1 | D11924: 0.73267084 | E11924: 1
A11925: Q6NWW5 | B11925: 10090 | C11925: 0 | D11925: 0.6738205 | E11925: 1
A11926: Q6NXK5 | B11926: 10090 | C11926: 1 | D11926: 0.85005206 | E11926: 1
A11927: Q6NXL6 | B11927: 10090 | C11927: 1 | D11927: 0.88525724 | E11927: 1
A11928: Q6NZF1 | B11928: 10090 | C11928: 1 | D11928: 0.9379795 | E11928: 1
A11929: Q6NZQ0 | B11929: 10090 | C11929: 0 | D11929: 0.75751764 | E11929: 1
... A14419: P11434 | B14419: 8355 | C14419: 1 | D14419: 0.78341407 | E14419: 1
A14420: P11636 | B14420: 367110 | C14420: 0 | D14420: 167.78353 | E14420: 0
A14421: P12285 | B14421: 6500 | C14421: 0 | D14421: 0.51866233 | E14421: 1
A14422: P12789 | B14422: 9986 | C14422: 0 | D14422: 0.03320553 | E14422: 0
...

Sheet Graficos
A1: Graficos de Previsao - Modelo XGBoost (conjunto de teste)
A2: Todas as tabelas sao calculadas por formulas a partir da aba predictions_xgb_test (limiar de corte = pred).
A4: 1. Matriz de confusao | B4: Qtd
A5: Verdadeiro Positivo (VP) | B5: =COUNTIFS(predictions_xgb_test!$C$2:$C$33054,1,predictions_xgb_test!$E$2:$E$33054,1) -> 9215
A6: Falso Negativo (FN) | B6: =COUNTIFS(predictions_xgb_test!$C$2:$C$33054,1,predictions_xgb_test!$E$2:$E$33054,0) -> 2079
A7: Falso Positivo (FP) | B7: =COUNTIFS(predictions_xgb_test!$C$2:$C$33054,0,predictions_xgb_test!$E$2:$E$33054,1) -> 3227
A8: Verdadeiro Negativo (VN) | B8: =COUNTIFS(predictions_xgb_test!$C$2:$C$33054,0,predictions_xgb_test!$E$2:$E$33054,0) -> 18532
A9: Total | B9: =SUM(B5:B8) -> 33053
A11: 2. Metricas | B11: Valor
A12: Acuracia | B12: =IFERROR((B5+B8)/B9,"") -> 0.83946994
A13: Precisao | B13: =IFERROR(B5/(B5+B7),"") -> 0.74063655
A14: Recall (Sensibilidade) | B14: =IFERROR(B5/(B5+B6),"") -> 0.81591996
A15: Especificidade | B15: =IFERROR(B8/(B8+B7),"") -> 0.85169355
A16: F1-Score | B16: =IFERROR(2*B13*B14/(B13+B14),"") -> 0.7764577
A18: 3. Faixa de probabilidade | B18: Target = 1 | C18: Target = 0
A19: 0.0 - 0.1 | B19: =COUNTIFS(predictions_xgb_test!$D$2:$D$33054,">=0",predictions_xgb_test!$D$2:$D$33054,"<0.1",predictions_xgb_test!$C$2:$C$33054,1) -> 0 | C19: =COUNTIFS(predictions_xgb_test!$D$2:$D$33054,">=0",predictions_xgb_test!$D$2:$D$33054,"<0.1",predictions_xgb_test!$C$2:$C$33054,0) -> 0
A20: 0.1 - 0.2 | B20: =COUNTIFS(predictions_xgb_test!$D$2:$D$33054,">=0.1",predictions_xgb_test!$D$2:$D$33054,"<0.2",predictions_xgb_test!$C$2:$C$33054,1) -> 321 | C20: =COUNTIFS(predictions_xgb_test!$D$2:$D$33054,">=0.1",predictions_xgb_test!$D$2:$D$33054,"<0.2",predictions_xgb_test!$C$2:$C$33054,0) -> 3472
A21: 0.2 - 0.3 | B21: =COUNTIFS(predictions_xgb_test!$D$2:$D$33054,">=0.2",predictions_xgb_test!$D$2:$D$33054,"<0.3",predictions_xgb_test!$C$2:$C$33054,1) -> 476 | C21: =COUNTIFS(predictions_xgb_test!$D$2:$D$33054,">=0.2",predictions_xgb_test!$D$2:$D$33054,"<0.3",predictions_xgb_test!$C$2:$C$33054,0) -> 2425
A22: 0.3 - 0.4 | B22: =COUNTIFS(predictions_xgb_test!$D$2:$D$33054,">=0.3",predictions_xgb_test!$D$2:$D$33054,"<0.4",predictions_xgb_test!$C$2:$C$33054,1) -> 514 | C22: =COUNTIFS(predictions_xgb_test!$D$2:$D$33054,">=0.3",predictions_xgb_test!$D$2:$D$33054,"<0.4",predictions_xgb_test!$C$2:$C$33054,0) -> 1806
A23: 0.4 - 0.5 | B23: =COUNTIFS(predictions_xgb_test!$D$2:$D$33054,">=0.4",predictions_xgb_test!$D$2:$D$33054,"<0.5",predictions_xgb_test!$C$2:$C$33054,1) -> 672 | C23: =COUNTIFS(predictions_xgb_test!$D$2:$D$33054,">=0.4",predictions_xgb_test!$D$2:$D$33054,"<0.5",predictions_xgb_test!$C$2:$C$33054,0) -> 1430
A24: 0.5 - 0.6 | B24: =COUNTIFS(predictions_xgb_test!$D$2:$D$33054,">=0.5",predictions_xgb_test!$D$2:$D$33054,"<0.6",predictions_xgb_test!$C$2:$C$33054,1) -> 845 | C24: =COUNTIFS(predictions_xgb_test!$D$2:$D$33054,">=0.5",predictions_xgb_test!$D$2:$D$33054,"<0.6",predictions_xgb_test!$C$2:$C$33054,0) -> 1002
A25: 0.6 - 0.7 | B25: =COUNTIFS(predictions_xgb_test!$D$2:$D$33054,">=0.6",predictions_xgb_test!$D$2:$D$33054,"<0.7",predictions_xgb_test!$C$2:$C$33054,1) -> 1127 | C25: =COUNTIFS(predictions_xgb_test!$D$2:$D$33054,">=0.6",predictions_xgb_test!$D$2:$D$33054,"<0.7",predictions_xgb_test!$C$2:$C$33054,0) -> 842
A26: 0.7 - 0.8 | B26: =COUNTIFS(predictions_xgb_test!$D$2:$D$33054,">=0.7",predictions_xgb_test!$D$2:$D$33054,"<0.8",predictions_xgb_test!$C$2:$C$33054,1) -> 1469 | C26: =COUNTIFS(predictions_xgb_test!$D$2:$D$33054,">=0.7",predictions_xgb_test!$D$2:$D$33054,"<0.8",predictions_xgb_test!$C$2:$C$33054,0) -> 568
A27: 0.8 - 0.9 | B27: =COUNTIFS(predictions_xgb_test!$D$2:$D$33054,">=0.8",predictions_xgb_test!$D$2:$D$33054,"<0.9",predictions_xgb_test!$C$2:$C$33054,1) -> 1959 | C27: =COUNTIFS(predictions_xgb_test!$D$2:$D$33054,">=0.8",predictions_xgb_test!$D$2:$D$33054,"<0.9",predictions_xgb_test!$C$2:$C$33054,0) -> 365
A28: 0.9 - 1.0 | B28: =COUNTIFS(predictions_xgb_test!$D$2:$D$33054,">=0.9",predictions_xgb_test!$D$2:$D$33054,"<=1",predictions_xgb_test!$C$2:$C$33054,1) -> 0 | C28: =COUNTIFS(predictions_xgb_test!$D$2:$D$33054,">=0.9",predictions_xgb_test!$D$2:$D$33054,"<=1",predictions_xgb_test!$C$2:$C$33054,0) -> 0
A30: 4. Top 10 organismos (ID) | B30: Positivos reais | C30: Positivos previstos | D30: Total
A31: 10090 | B31: =COUNTIFS(predictions_xgb_test!$B$2:$B$33054,VALUE(A31),predictions_xgb_test!$C$2:$C$33054,1) -> 4481 | C31: =COUNTIFS(predictions_xgb_test!$B$2:$B$33054,VALUE(A31),predictions_xgb_test!$E$2:$E$33054,1) -> 5441 | D31: =COUNTIFS(predictions_xgb_test!$B$2:$B$33054,VALUE(A31)) -> 14039
A32: 284812 | B32: =COUNTIFS(predictions_xgb_test!$B$2:$B$33054,VALUE(A32),predictions_xgb_test!$C$2:$C$33054,1) -> 1894 | C32: =COUNTIFS(predictions_xgb_test!$B$2:$B$33054,VALUE(A32),predictions_xgb_test!$E$2:$E$33054,1) -> 1443 | D32: =COUNTIFS(predictions_xgb_test!$B$2:$B$33054,VALUE(A32)) -> 4097
A33: 8355 | B33: =COUNTIFS(predictions_xgb_test!$B$2:$B$33054,VALUE(A33),predictions_xgb_test!$C$2:$C$33054,1) -> 1441 | C33: =COUNTIFS(predictions_xgb_test!$B$2:$B$33054,VALUE(A33),predictions_xgb_test!$E$2:$E$33054,1) -> 1664 | D33: =COUNTIFS(predictions_xgb_test!$B$2:$B$33054,VALUE(A33)) -> 3056
A34: 8364 | B34: =COUNTIFS(predictions_xgb_test!$B$2:$B$33054,VALUE(A34),predictions_xgb_test!$C$2:$C$33054,1) -> 623 | C34: =COUNTIFS(predictions_xgb_test!$B$2:$B$33054,VALUE(A34),predictions_xgb_test!$E$2:$E$33054,1) -> 754 | D34: =COUNTIFS(predictions_xgb_test!$B$2:$B$33054,VALUE(A34)) -> 1459
A35: 237561 | B35: =COUNTIFS(predictions_xgb_test!$B$2:$B$33054,VALUE(A35),predictions_xgb_test!$C$2:$C$33054,1) -> 377 | C35: =COUNTIFS(predictions_xgb_test!$B$2:$B$33054,VALUE(A35),predictions_xgb_test!$E$2:$E$33054,1) -> 416 | D35: =COUNTIFS(predictions_xgb_test!$B$2:$B$33054,VALUE(A35)) -> 1055
A36: 367110 | B36: =COUNTIFS(predictions_xgb_test!$B$2:$B$33054,VALUE(A36),predictions_xgb_test!$C$2:$C$33054,1) -> 238 | C36: =COUNTIFS(predictions_xgb_test!$B$2:$B$33054,VALUE(A36),predictions_xgb_test!$E$2:$E$33054,1) -> 286 | D36: =COUNTIFS(predictions_xgb_test!$B$2:$B$33054,VALUE(A36)) -> 802
A37: 9986 | B37: =COUNTIFS(predictions_xgb_test!$B$2:$B$33054,VALUE(A37),predictions_xgb_test!$C$2:$C$33054,1) -> 123 | C37: =COUNTIFS(predictions_xgb_test!$B$2:$B$33054,VALUE(A37),predictions_xgb_test!$E$2:$E$33054,1) -> 139 | D37: =COUNTIFS(predictions_xgb_test!$B$2:$B$33054,VALUE(A37)) -> 742
A38: 4081 | B38: =COUNTIFS(predictions_xgb_test!$B$2:$B$33054,VALUE(A38),predictions_xgb_test!$C$2:$C$33054,1) -> 63 | C38: =COUNTIFS(predictions_xgb_test!$B$2:$B$33054,VALUE(A38),predictions_xgb_test!$E$2:$E$33054,1) -> 77 | D38: =COUNTIFS(predictions_xgb_test!$B$2:$B$33054,VALUE(A38)) -> 319
A39: 425011 | B39: =COUNTIFS(predictions_xgb_test!$B$2:$B$33054,VALUE(A39),predictions_xgb_test!$C$2:$C$33054,1) -> 89 | C39: =COUNTIFS(predictions_xgb_test!$B$2:$B$33054,VALUE(A39),predictions_xgb_test!$E$2:$E$33054,1) -> 100 | D39: =COUNTIFS(predictions_xgb_test!$B$2:$B$33054,VALUE(A39)) -> 315
A40: 3055 | B40: =COUNTIFS(predictions_xgb_test!$B$2:$B$33054,VALUE(A40),predictions_xgb_test!$C$2:$C$33054,1) -> 20 | C40: =COUNTIFS(predictions_xgb_test!$B$2:$B$33054,VALUE(A40),predictions_xgb_test!$E$2:$E$33054,1) -> 51 | D40: =COUNTIFS(predictions_xgb_test!$B$2:$B$33054,VALUE(A40)) -> 294
